date;date
22/01/2001;2022/01/01
22/01/2002;2022/01/02
22/01/2003;2022/01/03
22/01/2004;2022/01/04
22/01/2005;2022/01/05
22/01/2006;2022/01/06
22/01/2007;2022/01/07
22/01/2008;2022/01/08
22/01/2009;2022/01/09
22/01/2010;2022/01/10
22/01/2011;2022/01/11
22/01/2012;2022/01/12
22/01/2013;2022/01/13
22/01/2014;2022/01/14
22/01/2015;2022/01/15
22/01/2016;2022/01/16
22/01/2017;2022/01/17
22/01/2018;2022/01/18
22/01/2019;2022/01/19
22/01/2020;2022/01/20
22/01/2021;2022/01/21
22/01/2022;2022/01/22
22/01/2023;2022/01/23
22/01/2024;2022/01/24
22/01/2025;2022/01/25
22/01/2026;2022/01/26
22/01/2027;2022/01/27
22/01/2028;2022/01/28
22/01/2029;2022/01/29
22/01/1930;2022/01/30
22/01/1931;2022/01/31
22/02/2001;2022/02/01
22/02/2002;2022/02/02
22/02/2003;2022/02/03
22/02/2004;2022/02/04
22/02/2005;2022/02/05
22/02/2006;2022/02/06
22/02/2007;2022/02/07
22/02/2008;2022/02/08
22/02/2009;2022/02/09
22/02/2010;2022/02/10
22/02/2011;2022/02/11
22/02/2012;2022/02/12
22/02/2013;2022/02/13
22/02/2014;2022/02/14
22/02/2015;2022/02/15
22/02/2016;2022/02/16
22/02/2017;2022/02/17
22/02/2018;2022/02/18
22/02/2019;2022/02/19
22/02/2020;2022/02/20
22/02/2021;2022/02/21
22/02/2022;2022/02/22
22/02/2023;2022/02/23
22/02/2024;2022/02/24
22/02/2025;2022/02/25
22/02/2026;2022/02/26
22/02/2027;2022/02/27
22/02/2028;2022/02/28
22/03/2001;2022/03/01
22/03/2002;2022/03/02
22/03/2003;2022/03/03
22/03/2004;2022/03/04
22/03/2005;2022/03/05
22/03/2006;2022/03/06
22/03/2007;2022/03/07
22/03/2008;2022/03/08
22/03/2009;2022/03/09
22/03/2010;2022/03/10
22/03/2011;2022/03/11
22/03/2012;2022/03/12
22/03/2013;2022/03/13
22/03/2014;2022/03/14
22/03/2015;2022/03/15
22/03/2016;2022/03/16
22/03/2017;2022/03/17
22/03/2018;2022/03/18
22/03/2019;2022/03/19
22/03/2020;2022/03/20
22/03/2021;2022/03/21
22/03/2022;2022/03/22
22/03/2023;2022/03/23
22/03/2024;2022/03/24
22/03/2025;2022/03/25
22/03/2026;2022/03/26
22/03/2027;2022/03/27
22/03/2028;2022/03/28
22/03/2029;2022/03/29
22/03/1930;2022/03/30
22/03/1931;2022/03/31
22/04/2001;2022/04/01
22/04/2002;2022/04/02
22/04/2003;2022/04/03
22/04/2004;2022/04/04
22/04/2005;2022/04/05
22/04/2006;2022/04/06
22/04/2007;2022/04/07
22/04/2008;2022/04/08
22/04/2009;2022/04/09
22/04/2010;2022/04/10
22/04/2011;2022/04/11
22/04/2012;2022/04/12
22/04/2013;2022/04/13
22/04/2014;2022/04/14
22/04/2015;2022/04/15
22/04/2016;2022/04/16
22/04/2017;2022/04/17
22/04/2018;2022/04/18
22/04/2019;2022/04/19
22/04/2020;2022/04/20
22/04/2021;2022/04/21
22/04/2022;2022/04/22
22/04/2023;2022/04/23
22/04/2024;2022/04/24
22/04/2025;2022/04/25
22/04/2026;2022/04/26
22/04/2027;2022/04/27
22/04/2028;2022/04/28
22/04/2029;2022/04/29
22/04/1930;2022/04/30
22/05/2001;2022/05/01
22/05/2002;2022/05/02
22/05/2003;2022/05/03
22/05/2004;2022/05/04
22/05/2005;2022/05/05
22/05/2006;2022/05/06
22/05/2007;2022/05/07
22/05/2008;2022/05/08
22/05/2009;2022/05/09
22/05/2010;2022/05/10
22/05/2011;2022/05/11
22/05/2012;2022/05/12
22/05/2013;2022/05/13
22/05/2014;2022/05/14
22/05/2015;2022/05/15
22/05/2016;2022/05/16
22/05/2017;2022/05/17
22/05/2018;2022/05/18
22/05/2019;2022/05/19
22/05/2020;2022/05/20
22/05/2021;2022/05/21
22/05/2022;2022/05/22
22/05/2023;2022/05/23
22/05/2024;2022/05/24
22/05/2025;2022/05/25
22/05/2026;2022/05/26
22/05/2027;2022/05/27
22/05/2028;2022/05/28
22/05/2029;2022/05/29
22/05/1930;2022/05/30
22/05/1931;2022/05/31
22/06/2001;2022/06/01
22/06/2002;2022/06/02
22/06/2003;2022/06/03
22/06/2004;2022/06/04
22/06/2005;2022/06/05
22/06/2006;2022/06/06
22/06/2007;2022/06/07
22/06/2008;2022/06/08
22/06/2009;2022/06/09
22/06/2010;2022/06/10
22/06/2011;2022/06/11
22/06/2012;2022/06/12
22/06/2013;2022/06/13
22/06/2014;2022/06/14
22/06/2015;2022/06/15
22/06/2016;2022/06/16
22/06/2017;2022/06/17
22/06/2018;2022/06/18
22/06/2019;2022/06/19
22/06/2020;2022/06/20
22/06/2021;2022/06/21
22/06/2022;2022/06/22
22/06/2023;2022/06/23
22/06/2024;2022/06/24
22/06/2025;2022/06/25
22/06/2026;2022/06/26
22/06/2027;2022/06/27
22/06/2028;2022/06/28
22/06/2029;2022/06/29
22/06/1930;2022/06/30
22/07/2001;2022/07/01
22/07/2002;2022/07/02
22/07/2003;2022/07/03
22/07/2004;2022/07/04
22/07/2005;2022/07/05
22/07/2006;2022/07/06
22/07/2007;2022/07/07
22/07/2008;2022/07/08
22/07/2009;2022/07/09
22/07/2010;2022/07/10
22/07/2011;2022/07/11
22/07/2012;2022/07/12
22/07/2013;2022/07/13
22/07/2014;2022/07/14
22/07/2015;2022/07/15
22/07/2016;2022/07/16
22/07/2017;2022/07/17
22/07/2018;2022/07/18
22/07/2019;2022/07/19
22/07/2020;2022/07/20
22/07/2021;2022/07/21
22/07/2022;2022/07/22
22/07/2023;2022/07/23
22/07/2024;2022/07/24
22/07/2025;2022/07/25
22/07/2026;2022/07/26
22/07/2027;2022/07/27
22/07/2028;2022/07/28
22/07/2029;2022/07/29
22/07/1930;2022/07/30
22/07/1931;2022/07/31
22/08/2001;2022/08/01
22/08/2002;2022/08/02
22/08/2003;2022/08/03
22/08/2004;2022/08/04
22/08/2005;2022/08/05
22/08/2006;2022/08/06
22/08/2007;2022/08/07
22/08/2008;2022/08/08
22/08/2009;2022/08/09
22/08/2010;2022/08/10
22/08/2011;2022/08/11
22/08/2012;2022/08/12
22/08/2013;2022/08/13
22/08/2014;2022/08/14
22/08/2015;2022/08/15
22/08/2016;2022/08/16
22/08/2017;2022/08/17
22/08/2018;2022/08/18
22/08/2019;2022/08/19
22/08/2020;2022/08/20
22/08/2021;2022/08/21
22/08/2022;2022/08/22
22/08/2023;2022/08/23
22/08/2024;2022/08/24
22/08/2025;2022/08/25
22/08/2026;2022/08/26
22/08/2027;2022/08/27
22/08/2028;2022/08/28
22/08/2029;2022/08/29
22/08/1930;2022/08/30
22/08/1931;2022/08/31
22/09/2001;2022/09/01
22/09/2002;2022/09/02
22/09/2003;2022/09/03
22/09/2004;2022/09/04
22/09/2005;2022/09/05
22/09/2006;2022/09/06
22/09/2007;2022/09/07
22/09/2008;2022/09/08
22/09/2009;2022/09/09
22/09/2010;2022/09/10
22/09/2011;2022/09/11
22/09/2012;2022/09/12
22/09/2013;2022/09/13
22/09/2014;2022/09/14
22/09/2015;2022/09/15
22/09/2016;2022/09/16
22/09/2017;2022/09/17
22/09/2018;2022/09/18
22/09/2019;2022/09/19
22/09/2020;2022/09/20
22/09/2021;2022/09/21
22/09/2022;2022/09/22
22/09/2023;2022/09/23
22/09/2024;2022/09/24
22/09/2025;2022/09/25
22/09/2026;2022/09/26
22/09/2027;2022/09/27
22/09/2028;2022/09/28
22/09/2029;2022/09/29
22/09/1930;2022/09/30
22/10/2001;2022/10/01
22/10/2002;2022/10/02
22/10/2003;2022/10/03
22/10/2004;2022/10/04
22/10/2005;2022/10/05
22/10/2006;2022/10/06
22/10/2007;2022/10/07
22/10/2008;2022/10/08
22/10/2009;2022/10/09
22/10/2010;2022/10/10
22/10/2011;2022/10/11
22/10/2012;2022/10/12
22/10/2013;2022/10/13
22/10/2014;2022/10/14
22/10/2015;2022/10/15
22/10/2016;2022/10/16
22/10/2017;2022/10/17
22/10/2018;2022/10/18
22/10/2019;2022/10/19
22/10/2020;2022/10/20
22/10/2021;2022/10/21
22/10/2022;2022/10/22
22/10/2023;2022/10/23
22/10/2024;2022/10/24
22/10/2025;2022/10/25
22/10/2026;2022/10/26
22/10/2027;2022/10/27
22/10/2028;2022/10/28
22/10/2029;2022/10/29
22/10/1930;2022/10/30
22/10/1931;2022/10/31
22/11/2001;2022/11/01
22/11/2002;2022/11/02
22/11/2003;2022/11/03
22/11/2004;2022/11/04
22/11/2005;2022/11/05
22/11/2006;2022/11/06
22/11/2007;2022/11/07
22/11/2008;2022/11/08
22/11/2009;2022/11/09
22/11/2010;2022/11/10
22/11/2011;2022/11/11
22/11/2012;2022/11/12
22/11/2013;2022/11/13
22/11/2014;2022/11/14
22/11/2015;2022/11/15
22/11/2016;2022/11/16
22/11/2017;2022/11/17
22/11/2018;2022/11/18
22/11/2019;2022/11/19
22/11/2020;2022/11/20
22/11/2021;2022/11/21
22/11/2022;2022/11/22
22/11/2023;2022/11/23
22/11/2024;2022/11/24
22/11/2025;2022/11/25
22/11/2026;2022/11/26
22/11/2027;2022/11/27
22/11/2028;2022/11/28
22/11/2029;2022/11/29
22/11/1930;2022/11/30
22/12/2001;2022/12/01
22/12/2002;2022/12/02
22/12/2003;2022/12/03
22/12/2004;2022/12/04
22/12/2005;2022/12/05
22/12/2006;2022/12/06
22/12/2007;2022/12/07
22/12/2008;2022/12/08
22/12/2009;2022/12/09
22/12/2010;2022/12/10
22/12/2011;2022/12/11
22/12/2012;2022/12/12
22/12/2013;2022/12/13
22/12/2014;2022/12/14
22/12/2015;2022/12/15
22/12/2016;2022/12/16
22/12/2017;2022/12/17
22/12/2018;2022/12/18
22/12/2019;2022/12/19
22/12/2020;2022/12/20
22/12/2021;2022/12/21
22/12/2022;2022/12/22
22/12/2023;2022/12/23
22/12/2024;2022/12/24
22/12/2025;2022/12/25
22/12/2026;2022/12/26
22/12/2027;2022/12/27
22/12/2028;2022/12/28
22/12/2029;2022/12/29
22/12/1930;2022/12/30
22/12/1931;2022/12/31
